# СИНТЕТИЧЕСКИЙ ПРИМЕР (создан командой для демо; не реальные данные)
источник;код;наименование;ед;кол-во;цена;сумма
ВОР;01.01;Разработка грунта экскаватором;м3;450;;
СМЕТА;01.01;Разработка грунта экскаватором;м3;540;1200;648000
ВОР;02.03;Бетон B25 фундамент;м3;36;;
СМЕТА;02.03;Бетон B25 фундамент;м3;36;42000;1520000
ВОР;03.01;Кладка кирпичная;м3;120;;
СМЕТА;03.01;Кладка кирпичная;м2;120;9500;1140000
СМЕТА;03.01;Кладка кирпичная;м3;120;9500;1140000
СМЕТА;04.07;Устройство кровли;м2;300;6000;1800000
